Name,Rating,Review_count,Price_range,Category,Address,Latitude,Longitude,Current_status,Next_status,Telephone,Tags,Detail_URL
Omaha Beach,,,,,,49.3696815,-0.8710842,,,,,https://www.google.fr/maps/place/Omaha+Beach/data=!4m7!3m6!1s0x480b08081a97b07b:0x652b44ab64e81d92!8m2!3d49.3696815!4d-0.8710842!16zL20vMGdjNm4!19sChIJe7CXGggIC0gRkh3oZKtEK2U?authuser=0&hl=en&rclk=1
Sword Beach,,,,,,49.310013,-0.3286228,,,,,https://www.google.fr/maps/place/Sword+Beach/data=!4m7!3m6!1s0x480a60ee7a781641:0xcdb3cb7e646c2ec1!8m2!3d49.310013!4d-0.3286228!16zL20vMHE0dGc!19sChIJQRZ4eu5gCkgRwS5sZH7Ls80?authuser=0&hl=en&rclk=1
Chesil Beach,,,,,,50.6266703,-2.5605472,,,,,https://www.google.fr/maps/place/Chesil+Beach/data=!4m7!3m6!1s0x4872f51460aeec7b:0x9684efd6ca88f181!8m2!3d50.6266703!4d-2.5605472!16zL20vMDFueDUz!19sChIJe-yuYBT1ckgRgfGIytbvhJY?authuser=0&hl=en&rclk=1
Laga,,,,,,43.4095235,-2.6550708,,,,,https://www.google.fr/maps/place/Laga/data=!4m7!3m6!1s0xd4e3c55fe6169ef:0x3737fe4c210b719!8m2!3d43.4095235!4d-2.6550708!16s%2Fg%2F12288rng!19sChIJ72lh_lU8Tg0RGbcQwuR_cwM?authuser=0&hl=en&rclk=1
Playa de la Arena,,,,,,43.3467661,-3.1196359,,,,,https://www.google.fr/maps/place/Playa+de+la+Arena/data=!4m7!3m6!1s0xd4ef66bed24b837:0x7060c81db8931397!8m2!3d43.3467661!4d-3.1196359!16s%2Fg%2F120zv4jm!19sChIJN7gk7Wv2Tg0RlxOTuB3IYHA?authuser=0&hl=en&rclk=1
Playa de Langre,,,,,,43.475166,-3.6905336,,,,,https://www.google.fr/maps/place/Playa+de+Langre/data=!4m7!3m6!1s0xd4eb45b56d660fb:0xdb4b623ccf673693!8m2!3d43.475166!4d-3.6905336!16s%2Fg%2F121_5y2h!19sChIJ-2DWVlu0Tg0RkzZnzzxiS9s?authuser=0&hl=en&rclk=1
Puerto Banús,,,,,,36.4898088,-4.9490514,,,,,https://www.google.fr/maps/place/Puerto+Ban%C3%BAs/data=!4m7!3m6!1s0xd7329c65dfb5d99:0xe4f1894c088e6f4a!8m2!3d36.4898088!4d-4.9490514!16zL20vMDhfdnRo!19sChIJmV37XcYpcw0RSm-OCEyJ8eQ?authuser=0&hl=en&rclk=1
Spiaggia La Pelosa,,,,,,40.9654818,8.2095124,,,,,https://www.google.fr/maps/place/Spiaggia+La+Pelosa/data=!4m7!3m6!1s0x12dc9e7186be51dd:0xff1db3e8eed05b65!8m2!3d40.9654818!4d8.2095124!16s%2Fg%2F11bymx1tfy!19sChIJ3VG-hnGe3BIRZVvQ7uizHf8?authuser=0&hl=en&rclk=1
Praia Grande,,,,,,37.1161111,-8.5194444,,,,,https://www.google.fr/maps/place/Praia+Grande/data=!4m7!3m6!1s0xd1b29ada92fac17:0x5cd9b734db792612!8m2!3d37.1161111!4d-8.5194444!16s%2Fm%2F0417wk0!19sChIJF6wvqa0pGw0REiZ52zS32Vw?authuser=0&hl=en&rclk=1
Zrce Festival Beach,,,,,,44.5411092,14.9133953,,,,,https://www.google.fr/maps/place/Zrce+Festival+Beach/data=!4m7!3m6!1s0x476249ffab0182e1:0x22e47d9941fc2d53!8m2!3d44.5411092!4d14.9133953!16s%2Fm%2F04cy4dn!19sChIJ4YIBq_9JYkcRUy38QZl95CI?authuser=0&hl=en&rclk=1
Wells Next The Sea Beach,,,,,,52.9725494,0.8494856,,,,,https://www.google.fr/maps/place/Wells+Next+The+Sea+Beach/data=!4m10!3m9!1s0x47d77434838ec99b:0x16bdff0ef34e8f5!5m2!4m1!1i2!8m2!3d52.9725494!4d0.8494856!16s%2Fg%2F11c46csrsl!19sChIJm8mOgzR010cR9eg07_DfawE?authuser=0&hl=en&rclk=1
Blackpool Pleasure Beach,,,,,,53.79233,-3.0552927,,,,,https://www.google.fr/maps/place/Blackpool+Pleasure+Beach/data=!4m7!3m6!1s0x487b441b4fffffff:0xea8a3fa2884da4f2!8m2!3d53.79233!4d-3.0552927!16zL20vMGgzZGMy!19sChIJ____TxtEe0gR8qRNiKI_iuo?authuser=0&hl=en&rclk=1
Beach,,,,,,51.435115,-2.4258066,,,,,https://www.google.fr/maps/place/Beach/data=!4m7!3m6!1s0x48718444a2409e71:0x4aca4b90d2b2d6e0!8m2!3d51.435115!4d-2.4258066!16s%2Fm%2F02x4hk2!19sChIJcZ5AokSEcUgR4Nay0pBLyko?authuser=0&hl=en&rclk=1
Belmar Beach,,,,,,40.1827225,-74.0118893,,,,,https://www.google.fr/maps/place/Belmar+Beach/data=!4m7!3m6!1s0x89c227ea0db42ccb:0x945157e36f6749a3!8m2!3d40.1827225!4d-74.0118893!16s%2Fg%2F1th1dmpx!19sChIJyyy0DeonwokRo0lnb-NXUZQ?authuser=0&hl=en&rclk=1
Jupiter Beach Park,,,,,,26.9413697,-80.0721943,,,,,https://www.google.fr/maps/place/Jupiter+Beach+Park/data=!4m7!3m6!1s0x88df29be3ae1f4ed:0x81dcb6b668260918!8m2!3d26.9413697!4d-80.0721943!16s%2Fg%2F1td05wg9!19sChIJ7fThOr4p34gRGAkmaLa23IE?authuser=0&hl=en&rclk=1
Spiaggia La Cinta,,,,,,40.7917039,9.6699855,,,,,https://www.google.fr/maps/place/Spiaggia+La+Cinta/data=!4m7!3m6!1s0x12decc29c163de37:0x3d5640af9f3279a6!8m2!3d40.7917039!4d9.6699855!16s%2Fg%2F1pt_4lbdg!19sChIJN95jwSnM3hIRpnkyn69AVj0?authuser=0&hl=en&rclk=1
Apollo Beach,,,,,,27.7716947,-82.4062046,,,,,https://www.google.fr/maps/place/Apollo+Beach/data=!4m7!3m6!1s0x88c2d9c91f618edb:0xe2a7ca107dee5897!8m2!3d27.7716947!4d-82.4062046!16zL20vMHJsNjM!19sChIJ245hH8nZwogRl1jufRDKp-I?authuser=0&hl=en&rclk=1
Ocean Beach Park,,,,,,40.5844711,-73.6729951,,,,,https://www.google.fr/maps/place/Ocean+Beach+Park/data=!4m7!3m6!1s0x89c26ffa5e7af3bf:0xad427e299d415c0b!8m2!3d40.5844711!4d-73.6729951!16s%2Fg%2F1q667w5nx!19sChIJv_N6XvpvwokRC1xBnSl-Qq0?authuser=0&hl=en&rclk=1
Palolem Beach,,,,,,15.0099648,74.0232186,,,,,https://www.google.fr/maps/place/Palolem+Beach/data=!4m7!3m6!1s0x3bbe4551d05b02bb:0x1e1bc67d4b0fbbf5!8m2!3d15.0099648!4d74.0232186!16zL20vMDgxZ3B3!19sChIJuwJb0FFFvjsR9bsPS33GGx4?authuser=0&hl=en&rclk=1
Hanlan's Point Beach,,,,,,43.6214946,-79.3956513,,,,,https://www.google.fr/maps/place/Hanlan%27s+Point+Beach/data=!4m7!3m6!1s0x882b3540b1efeb1b:0x6c5ebb9c1f8d4f0a!8m2!3d43.6214946!4d-79.3956513!16zL20vMGJrN3Nj!19sChIJG-vvsUA1K4gRCk-NH5y7Xmw?authuser=0&hl=en&rclk=1
Pensacola Beach,,,,,,30.3310794,-87.1426615,,,,,https://www.google.fr/maps/place/Pensacola+Beach/data=!4m7!3m6!1s0x8890c5e1bbdfcddd:0xa1c1eb5a82780787!8m2!3d30.3310794!4d-87.1426615!16s%2Fg%2F1tplr2p9!19sChIJ3c3fu-HFkIgRhwd4glrrwaE?authuser=0&hl=en&rclk=1
Pompano Beach Park,,,,,,26.2323922,-80.08979,,,,,https://www.google.fr/maps/place/Pompano+Beach+Park/data=!4m7!3m6!1s0x88d8fd6501d94d01:0x9d7736b5e0604181!8m2!3d26.2323922!4d-80.08979!16s%2Fg%2F11c38j0b6t!19sChIJAU3ZAWX92IgRgUFg4LU2d50?authuser=0&hl=en&rclk=1
Nissi Beach,,,,,,34.9880828,33.9688179,,,,,https://www.google.fr/maps/place/Nissi+Beach/data=!4m7!3m6!1s0x14dfcff3fa31958d:0x39511923628abab9!8m2!3d34.9880828!4d33.9688179!16s%2Fm%2F03wc7mm!19sChIJjZUx-vPP3xQRubqKYiMZUTk?authuser=0&hl=en&rclk=1
Asbury Park-Beach NJ,,,,,,40.22052,-74.0012773,,,,,https://www.google.fr/maps/place/Asbury+Park-Beach+NJ/data=!4m7!3m6!1s0x89c2272cb92ef28b:0x6bc29c91009babe7!8m2!3d40.22052!4d-74.0012773!16s%2Fg%2F11jwd0k2nb!19sChIJi_IuuSwnwokR56ubAJGcwms?authuser=0&hl=en&rclk=1
Myrtle Beach,,,,,,33.6862438,-78.8839827,,,,,https://www.google.fr/maps/place/Myrtle+Beach/data=!4m7!3m6!1s0x890069acf50eab25:0xa294ca9d2227ad25!8m2!3d33.6862438!4d-78.8839827!16s%2Fg%2F1hhhtp6yg!19sChIJJasO9axpAIkRJa0nIp3KlKI?authuser=0&hl=en&rclk=1
Bruce's Beach,,,,,,33.8942078,-118.4153975,,,,,https://www.google.fr/maps/place/Bruce%27s+Beach/data=!4m7!3m6!1s0x80c2b3e777e0883f:0x6d65339c8a2e5964!8m2!3d33.8942078!4d-118.4153975!16s%2Fm%2F09glhk5!19sChIJP4jgd-ezwoARZFkuipwzZW0?authuser=0&hl=en&rclk=1
Playa de la Tejita,,,,,,28.031759,-16.5565657,,,,,https://www.google.fr/maps/place/Playa+de+la+Tejita/data=!4m7!3m6!1s0xc6a9ff5170e8a17:0xaa831a135b97ea0a!8m2!3d28.031759!4d-16.5565657!16s%2Fg%2F11c3x5q0hb!19sChIJF4oOF_WfagwRCuqXWxMag6o?authuser=0&hl=en&rclk=1
Playa de Amadores,,,,,,27.7900792,-15.7239315,,,,,https://www.google.fr/maps/place/Playa+de+Amadores/data=!4m7!3m6!1s0xc4081b41e4f27b9:0xa73fcf80b6a80e71!8m2!3d27.7900792!4d-15.7239315!16s%2Fg%2F11cn6clqwp!19sChIJuSdPHrSBQAwRcQ6otoDPP6c?authuser=0&hl=en&rclk=1
Pismo Beach,,,,,,35.13902,-120.642539,,,,,https://www.google.fr/maps/place/Pismo+Beach/data=!4m7!3m6!1s0x80ec58dd2114a2bb:0x9e91d036f9dc6e!8m2!3d35.13902!4d-120.642539!16s%2Fg%2F11xdf2_36!19sChIJu6IUId1Y7IARbtz5NtCRngA?authuser=0&hl=en&rclk=1
Newport Beach Municipal Beach,,,,,,33.6066134,-117.9261302,,,,,https://www.google.fr/maps/place/Newport+Beach+Municipal+Beach/data=!4m7!3m6!1s0x80dd1ffde7c0fcaf:0x2ac6e726babf1ec2!8m2!3d33.6066134!4d-117.9261302!16s%2Fg%2F11r8t1syt!19sChIJr_zA5_0f3YARwh6_uibnxio?authuser=0&hl=en&rclk=1
Playa del Vao,,,,,,42.1982527,-8.7918584,,,,,https://www.google.fr/maps/place/Playa+del+Vao/data=!4m7!3m6!1s0xd258a8bd976ccc1:0xe53026840a18db9c!8m2!3d42.1982527!4d-8.7918584!16s%2Fg%2F122dld0x!19sChIJwcx22YuKJQ0RnNsYCoQmMOU?authuser=0&hl=en&rclk=1
Public beach,,,,,,30.3901635,-86.5082641,,,,,https://www.google.fr/maps/place/Public+beach/data=!4m7!3m6!1s0x8891419efe454ee7:0x8f77dd9522335555!8m2!3d30.3901635!4d-86.5082641!16s%2Fg%2F11n0twhv0p!19sChIJ505F_p5BkYgRVVUzIpXdd48?authuser=0&hl=en&rclk=1
Rockaway Beach,,,,,,40.5831668,-73.8153597,,,,,https://www.google.fr/maps/place/Rockaway+Beach/data=!4m7!3m6!1s0x89c26847bca480ed:0xebbf88fd5fbc26ec!8m2!3d40.5831668!4d-73.8153597!16zL20vMDMxZmNq!19sChIJ7YCkvEdowokR7Ca8X_2Iv-s?authuser=0&hl=en&rclk=1
Wasaga Beach Provincial Park - Beach Area 1,,,,,,44.5242738,-80.0173976,,,,,https://www.google.fr/maps/place/Wasaga+Beach+Provincial+Park+-+Beach+Area+1/data=!4m7!3m6!1s0x882a81788303f937:0xf6231f8f228f893e!8m2!3d44.5242738!4d-80.0173976!16s%2Fg%2F121lyt63!19sChIJN_kDg3iBKogRPomPIo8fI_Y?authuser=0&hl=en&rclk=1
Front Beach,,,,,,10.3434006,107.0741987,,,,,https://www.google.fr/maps/place/Front+Beach/data=!4m7!3m6!1s0x31756f8e1b01b871:0x1d67823392eb0d91!8m2!3d10.3434006!4d107.0741987!16s%2Fg%2F12377jp9!19sChIJcbgBG45vdTERkQ3rkjOCZx0?authuser=0&hl=en&rclk=1
Horseneck Beach,,,,,,41.5119906,-71.0631675,,,,,https://www.google.fr/maps/place/Horseneck+Beach/data=!4m7!3m6!1s0x89e5047f5bdec0c7:0x1777f25581b63f6a!8m2!3d41.5119906!4d-71.0631675!16s%2Fg%2F11b_250gld!19sChIJx8DeW38E5YkRaj-2gVXydxc?authuser=0&hl=en&rclk=1
Crane Beach,,,,,,42.6824036,-70.7769828,,,,,https://www.google.fr/maps/place/Crane+Beach/data=!4m7!3m6!1s0x89e3233390a025eb:0xb8e38d70182d6f5b!8m2!3d42.6824036!4d-70.7769828!16s%2Fg%2F11rzh9qjy2!19sChIJ6yWgkDMj44kRW28tGHCN47g?authuser=0&hl=en&rclk=1
Las Canteras Beach,,,,,,28.1428538,-15.4337165,,,,,https://www.google.fr/maps/place/Las+Canteras+Beach/data=!4m7!3m6!1s0xc409517c01f9539:0x3c117022b0a58f31!8m2!3d28.1428538!4d-15.4337165!16s%2Fg%2F1238s5k0!19sChIJOZUfwBeVQAwRMY-lsCJwETw?authuser=0&hl=en&rclk=1
Back beach,,,,,,10.3453959,107.1000134,,,,,https://www.google.fr/maps/place/Back+beach/data=!4m7!3m6!1s0x31756fe297e51efd:0xbb3c2fb0da0c83bf!8m2!3d10.3453959!4d107.1000134!16s%2Fg%2F1211chsl!19sChIJ_R7ll-JvdTERv4MM2rAvPLs?authuser=0&hl=en&rclk=1
Pompano Beach Beach Conditions,,,,,,26.2373049,-80.1149413,,,,,https://www.google.fr/maps/place/Pompano+Beach+Beach+Conditions/data=!4m7!3m6!1s0x88d90296aaaaaaab:0xb866db98b502c5e0!8m2!3d26.2373049!4d-80.1149413!16s%2Fg%2F1tj85mvp!19sChIJq6qqqpYC2YgR4MUCtZjbZrg?authuser=0&hl=en&rclk=1
Flic En Flac Beach,,,,,,-20.2995348,57.3634236,,,,,https://www.google.fr/maps/place/Flic+En+Flac+Beach/data=!4m7!3m6!1s0x217c417c1f2a3627:0x9e26e29445b62355!8m2!3d-20.2995348!4d57.3634236!16s%2Fm%2F02r52zj!19sChIJJzYqH3xBfCERVSO2RZTiJp4?authuser=0&hl=en&rclk=1
Lifeguarded Beach,,,,,,35.1082841,-75.9539486,,,,,https://www.google.fr/maps/place/Lifeguarded+Beach/data=!4m7!3m6!1s0x89a5d94c65f0aa39:0xeb8152e967317ae!8m2!3d35.1082841!4d-75.9539486!16s%2Fg%2F11g1lh258p!19sChIJOarwZUzZpYkRrhdzli4VuA4?authuser=0&hl=en&rclk=1
Beach Hotel,,,,,,50.8221992,-0.1511254,,,,,https://www.google.fr/maps/place/Beach+Hotel/data=!4m10!3m9!1s0x487585128e963fd3:0x9ec4a23627fe052b!5m2!4m1!1i2!8m2!3d50.8221992!4d-0.1511254!16s%2Fg%2F1thqg6g_!19sChIJ0z-WjhKFdUgRKwX-JzaixJ4?authuser=0&hl=en&rclk=1
Ocean Beach Pleasure Park,,,,,,55.0024552,-1.4174185,,,,,https://www.google.fr/maps/place/Ocean+Beach+Pleasure+Park/data=!4m7!3m6!1s0x487e6ed77a93e2e1:0xc7d9378da3a2cb77!8m2!3d55.0024552!4d-1.4174185!16s%2Fg%2F1tglgwxc!19sChIJ4eKTetdufkgRd8uio4032cc?authuser=0&hl=en&rclk=1
Mavericks Beach,,,,,,37.4955696,-122.496687,,,,,https://www.google.fr/maps/place/Mavericks+Beach/data=!4m7!3m6!1s0x808f724bee999c59:0x81d5f0290fcc0248!8m2!3d37.4955696!4d-122.496687!16zL20vMDMxMzR0!19sChIJWZyZ7ktyj4ARSALMDynw1YE?authuser=0&hl=en&rclk=1
Grayton Beach State Park,,,,,,30.3315271,-86.1571991,,,,,https://www.google.fr/maps/place/Grayton+Beach+State+Park/data=!4m7!3m6!1s0x8893e489d246f1c9:0x36b362bfd5f72c98!8m2!3d30.3315271!4d-86.1571991!16zL20vMDRfY184!19sChIJyfFG0onkk4gRmCz31b9iszY?authuser=0&hl=en&rclk=1
Horseneck Beach State Reservation,,,,,,41.5119327,-71.0632348,,,,,https://www.google.fr/maps/place/Horseneck+Beach+State+Reservation/data=!4m7!3m6!1s0x89e50462d0205ce9:0x36260acd459c12da!8m2!3d41.5119327!4d-71.0632348!16zL20vMDdtdGY0!19sChIJ6Vwg0GIE5YkR2hKcRc0KJjY?authuser=0&hl=en&rclk=1
Quente Beach Club,,,,,,38.336442,26.387275,,,,,https://www.google.fr/maps/place/Quente+Beach+Club/data=!4m7!3m6!1s0x14bb782686740f53:0xc745084d85b2f679!8m2!3d38.336442!4d26.387275!16s%2Fg%2F11b5qvk8hs!19sChIJUw90hiZ4uxQRefayhU0IRcc?authuser=0&hl=en&rclk=1
Henderson Beach State Park,,,,,,30.3846734,-86.443995,,,,,https://www.google.fr/maps/place/Henderson+Beach+State+Park/data=!4m7!3m6!1s0x8891449e8a73e0e5:0xd6ee28074b665bdd!8m2!3d30.3846734!4d-86.443995!16zL20vMDRfY196!19sChIJ5eBzip5EkYgR3VtmSwco7tY?authuser=0&hl=en&rclk=1
Alabama Point East,,,,,,30.2767738,-87.5506913,,,,,https://www.google.fr/maps/place/Alabama+Point+East/data=!4m7!3m6!1s0x889a078240d594f5:0xbbd7a9fa43a41d7c!8m2!3d30.2767738!4d-87.5506913!16s%2Fg%2F11dfj813d5!19sChIJ9ZTVQIIHmogRfB2kQ_qp17s?authuser=0&hl=en&rclk=1
Chaweng Beach,,,,,,9.5323852,100.0675391,,,,,https://www.google.fr/maps/place/Chaweng+Beach/data=!4m7!3m6!1s0x3054f1bf093e8e8b:0x1aa2c8c5fa6770dc!8m2!3d9.5323852!4d100.0675391!16s%2Fg%2F11x985t9v!19sChIJi44-Cb_xVDAR3HBn-sXIoho?authuser=0&hl=en&rclk=1
Bang Tao Beach,,,,,,8.0025463,98.2926317,,,,,https://www.google.fr/maps/place/Bang+Tao+Beach/data=!4m7!3m6!1s0x305038351501315b:0xef5dd8a4b1f316f8!8m2!3d8.0025463!4d98.2926317!16s%2Fg%2F1q5bn1ghj!19sChIJWzEBFTU4UDAR-BbzsaTYXe8?authuser=0&hl=en&rclk=1
The Beach • JBR,,,,,,25.0754093,55.1313156,,,,,https://www.google.fr/maps/place/The+Beach+%E2%80%A2+JBR/data=!4m7!3m6!1s0x3e5f14a9d232d697:0xd67ad24d15b4376f!8m2!3d25.0754093!4d55.1313156!16s%2Fg%2F11bbx09r_b!19sChIJl9Yy0qkUXz4Rbze0FU3SetY?authuser=0&hl=en&rclk=1
Mikro Beach,,,,,,39.1371629,23.2643119,,,,,https://www.google.fr/maps/place/Mikro+Beach/data=!4m7!3m6!1s0x14a7230a60130f25:0xe8cda0cc1279836c!8m2!3d39.1371629!4d23.2643119!16s%2Fg%2F11jdhs67lp!19sChIJJQ8TYAojpxQRbIN5Esygzeg?authuser=0&hl=en&rclk=1
Bath Beach,,,,,,40.6038852,-74.0062078,,,,,https://www.google.fr/maps/place/Bath+Beach/data=!4m7!3m6!1s0x89c24574ce62bdeb:0xe0851da81eed6ca8!8m2!3d40.6038852!4d-74.0062078!16zL20vMDRjYngy!19sChIJ671iznRFwokRqGztHqgdheA?authuser=0&hl=en&rclk=1
Newport Beach Pier,,,,,,33.6074704,-117.9288104,,,,,https://www.google.fr/maps/place/Newport+Beach+Pier/data=!4m7!3m6!1s0x80dd1ffeb7628365:0x1f6a4c1815205025!8m2!3d33.6074704!4d-117.9288104!16zL20vMGI4Njlq!19sChIJZYNit_4f3YARJVAgFRhMah8?authuser=0&hl=en&rclk=1
Joaquina Beach,,,,,,-27.6293577,-48.4490173,,,,,https://www.google.fr/maps/place/Joaquina+Beach/data=!4m7!3m6!1s0x95273c38419b2c05:0x48dfaa94905c943f!8m2!3d-27.6293577!4d-48.4490173!16s%2Fg%2F1227jzp0!19sChIJBSybQTg8J5URP5RckJSq30g?authuser=0&hl=en&rclk=1
Dania Beach Pier,,,,,,26.0582958,-80.1110075,,,,,https://www.google.fr/maps/place/Dania+Beach+Pier/data=!4m7!3m6!1s0x88d9aab84ea0afc9:0x81317a1711fe6680!8m2!3d26.0582958!4d-80.1110075!16s%2Fg%2F11c5rpb50l!19sChIJya-gTriq2YgRgGb-ERd6MYE?authuser=0&hl=en&rclk=1
Cannon Beach,,,,,,45.8970278,-123.9648464,,,,,https://www.google.fr/maps/place/Cannon+Beach/data=!4m7!3m6!1s0x5494a55bc8440871:0x8ce291958c125e86!8m2!3d45.8970278!4d-123.9648464!16s%2Fg%2F11spmpzw5b!19sChIJcQhEyFullFQRhl4SjJWR4ow?authuser=0&hl=en&rclk=1
Broadway at the Beach,,,,,,33.7156173,-78.8819491,,,,,https://www.google.fr/maps/place/Broadway+at+the+Beach/data=!4m7!3m6!1s0x890068e03fdd10b9:0xf2b97a6ad8c6fdd3!8m2!3d33.7156173!4d-78.8819491!16zL20vMGJ6bmJ3!19sChIJuRDdP-BoAIkR0_3G2Gp6ufI?authuser=0&hl=en&rclk=1
Hải Hòa Beach,,,,,,19.4552965,105.807565,,,,,https://www.google.fr/maps/place/H%E1%BA%A3i+H%C3%B2a+Beach/data=!4m7!3m6!1s0x3137a86b83269adb:0x62439f9b96a92644!8m2!3d19.4552965!4d105.807565!16s%2Fm%2F0n50tck!19sChIJ25omg2uoNzERRCaplpufQ2I?authuser=0&hl=en&rclk=1
Max Beach,,,,,,36.4905109,-4.7058509,,,,,https://www.google.fr/maps/place/Max+Beach/data=!4m7!3m6!1s0xd731fbe0d71e5bb:0x34c631f4f3fa72d3!8m2!3d36.4905109!4d-4.7058509!16s%2Fg%2F1ptx6j20m!19sChIJu-VxDb4fcw0R03L68_QxxjQ?authuser=0&hl=en&rclk=1
North Wollongong Beach,,,,,,-34.4142733,150.9016552,,,,,https://www.google.fr/maps/place/North+Wollongong+Beach/data=!4m7!3m6!1s0x6b13191ca4fd3299:0x4ba234fe1de3ecfd!8m2!3d-34.4142733!4d150.9016552!16s%2Fg%2F1pp2x6pzf!19sChIJmTL9pBwZE2sR_ezjHf40oks?authuser=0&hl=en&rclk=1
Rosie's Dog Beach,,,,,,33.755441,-118.139697,,,,,https://www.google.fr/maps/place/Rosie%27s+Dog+Beach/data=!4m7!3m6!1s0x80dd304efd4c5e31:0x7d55e27ba00127fe!8m2!3d33.755441!4d-118.139697!16s%2Fg%2F1ptwsmvzt!19sChIJMV5M_U4w3YAR_icBoHviVX0?authuser=0&hl=en&rclk=1
Folly Beach Pier,,,,,,32.654805,-79.939551,,,,,https://www.google.fr/maps/place/Folly+Beach+Pier/data=!4m7!3m6!1s0x88fdd7ea612904dd:0x1cd196e60fa13a0d!8m2!3d32.654805!4d-79.939551!16s%2Fm%2F0dj3_vl!19sChIJ3QQpYerX_YgRDTqhD-aW0Rw?authuser=0&hl=en&rclk=1
Praia da Reserva,,,,,,-23.0131041,-43.3943647,,,,,https://www.google.fr/maps/place/Praia+da+Reserva/data=!4m7!3m6!1s0x9bdb085a079173:0xbd0152870ed422be!8m2!3d-23.0131041!4d-43.3943647!16s%2Fg%2F11f2ck31p1!19sChIJc5EHWgjbmwARviLUDodSAb0?authuser=0&hl=en&rclk=1
Siung Beach,,,,,,-8.1818233,110.6832394,,,,,https://www.google.fr/maps/place/Siung+Beach/data=!4m7!3m6!1s0x2e7bb8c8a5ee1c27:0x567f73117ae7ce4a!8m2!3d-8.1818233!4d110.6832394!16s%2Fg%2F121dpmgy!19sChIJJxzupci4ey4RSs7nehFzf1Y?authuser=0&hl=en&rclk=1
Bethany Beach Boardwalk,,,,,,38.5384841,-75.0545017,,,,,https://www.google.fr/maps/place/Bethany+Beach+Boardwalk/data=!4m7!3m6!1s0x89b8cde6cf072697:0x552ac7dd62fdfeb1!8m2!3d38.5384841!4d-75.0545017!16s%2Fg%2F11gfm1tj24!19sChIJlyYHz-bNuIkRsf79Yt3HKlU?authuser=0&hl=en&rclk=1
Jomtien Beach,,,,,,12.8864152,100.8775127,,,,,https://www.google.fr/maps/place/Jomtien+Beach/data=!4m7!3m6!1s0x310296910356fe17:0xe9d09ef173c1958f!8m2!3d12.8864152!4d100.8775127!16s%2Fm%2F02vxh24!19sChIJF_5WA5GWAjERj5XBc_Ge0Ok?authuser=0&hl=en&rclk=1
Tambaba Beach,,,,,,-7.3653753,-34.7980274,,,,,https://www.google.fr/maps/place/Tambaba+Beach/data=!4m7!3m6!1s0x7acbc3f92686687:0xa944c1262c0f4025!8m2!3d-7.3653753!4d-34.7980274!16zL20vMDFtcTEw!19sChIJh2Zokj-8rAcRJUAPLCbBRKk?authuser=0&hl=en&rclk=1
Myrtle Beach State Park Pier,,,,,,33.6485915,-78.9286388,,,,,https://www.google.fr/maps/place/Myrtle+Beach+State+Park+Pier/data=!4m7!3m6!1s0x89004202088a3095:0x8effd4c466ca6852!8m2!3d33.6485915!4d-78.9286388!16s%2Fg%2F11dfwknsp7!19sChIJlTCKCAJCAIkRUmjKZsTU_44?authuser=0&hl=en&rclk=1
Ocean Beach,,,,,,32.7494988,-117.2470353,,,,,https://www.google.fr/maps/place/Ocean+Beach/data=!4m7!3m6!1s0x80deaa37b72c78ff:0xccd2ea1ce1f90202!8m2!3d32.7494988!4d-117.2470353!16zL20vMDNyN2oz!19sChIJ_3gstzeq3oARAgL54Rzq0sw?authuser=0&hl=en&rclk=1
La Mer - North Beach Entrance,,,,,,25.232696,55.2637751,,,,,https://www.google.fr/maps/place/La+Mer+-+North+Beach+Entrance/data=!4m7!3m6!1s0x3e5f42537133d80d:0x504d17f26330ab4b!8m2!3d25.232696!4d55.2637751!16s%2Fg%2F11g9q50txq!19sChIJDdgzcVNCXz4RS6swY_IXTVA?authuser=0&hl=en&rclk=1
Myrtle Beach State Park,,,,,,33.6511978,-78.930625,,,,,https://www.google.fr/maps/place/Myrtle+Beach+State+Park/data=!4m7!3m6!1s0x8900420063c85b95:0xe908749f5585c51e!8m2!3d33.6511978!4d-78.930625!16s%2Fm%2F03c1lvc!19sChIJlVvIYwBCAIkRHsWFVZ90COk?authuser=0&hl=en&rclk=1
White Sand beach,,,,,,12.1118045,102.2680516,,,,,https://www.google.fr/maps/place/White+Sand+beach/data=!4m7!3m6!1s0x310412879df22981:0xf1289720a749c0a1!8m2!3d12.1118045!4d102.2680516!16s%2Fg%2F11bw221yh3!19sChIJgSnynYcSBDERocBJpyCXKPE?authuser=0&hl=en&rclk=1
Beach,,,,,,31.4399287,-82.5037473,,,,,https://www.google.fr/maps/place/Beach/data=!4m7!3m6!1s0x88f01e445d922209:0x8561f89005258bf!8m2!3d31.4399287!4d-82.5037473!16s%2Fm%2F048vvxw!19sChIJCSKSXUQe8IgRv1hSAIkfVgg?authuser=0&hl=en&rclk=1
Miura Beach,,,,,,35.1844802,139.6560503,,,,,https://www.google.fr/maps/place/Miura+Beach/data=!4m7!3m6!1s0x60183dc9707f879b:0x5ca809f160c16892!8m2!3d35.1844802!4d139.6560503!16s%2Fg%2F120vzy8x!19sChIJm4d_cMk9GGARkmjBYPEJqFw?authuser=0&hl=en&rclk=1
Beach Co Thach,,,,,,11.1766612,108.7139597,,,,,https://www.google.fr/maps/place/Beach+Co+Thach/data=!4m7!3m6!1s0x3176dea774e054d9:0xb43af73d86f5bc75!8m2!3d11.1766612!4d108.7139597!16s%2Fg%2F11bw27hsfj!19sChIJ2VTgdKfedjERdbz1hj33OrQ?authuser=0&hl=en&rclk=1
Seaside Sandy Beach,,,,,,27.7579387,-15.5703662,,,,,https://www.google.fr/maps/place/Seaside+Sandy+Beach/data=!4m10!3m9!1s0xc3f62bef916c9a9:0xf2018efb3a14359a!5m2!4m1!1i2!8m2!3d27.7579387!4d-15.5703662!16s%2Fg%2F1tg4mmmp!19sChIJqckW-b5iPwwRmjUUOvuOAfI?authuser=0&hl=en&rclk=1
Pantai Nyanyi,,,,,,-8.6336624,115.0978348,,,,,https://www.google.fr/maps/place/Pantai+Nyanyi/data=!4m7!3m6!1s0x2dd2382115f7f5f9:0x929870a0c1008d3a!8m2!3d-8.6336624!4d115.0978348!16s%2Fg%2F11bv30gntw!19sChIJ-fX3FSE40i0ROo0AwaBwmJI?authuser=0&hl=en&rclk=1
DuBois Park,,,,,,26.9431229,-80.0757301,,,,,https://www.google.fr/maps/place/DuBois+Park/data=!4m7!3m6!1s0x88df29bf8782e39d:0x49924b40b6e430a5!8m2!3d26.9431229!4d-80.0757301!16s%2Fg%2F1tgx7f10!19sChIJneOCh78p34gRpTDktkBLkkk?authuser=0&hl=en&rclk=1
Bãi biển Cảnh Dương,,,,,,16.3299196,107.9615168,,,,,https://www.google.fr/maps/place/B%C3%A3i+bi%E1%BB%83n+C%E1%BA%A3nh+D%C6%B0%C6%A1ng/data=!4m7!3m6!1s0x3141860e2906f93d:0xfc1ba7080d3d011!8m2!3d16.3299196!4d107.9615168!16s%2Fg%2F12mkym7k4!19sChIJPfkGKQ6GQTEREdDTgHC6wQ8?authuser=0&hl=en&rclk=1
Praia Brava,,,,,,-27.4015299,-48.4130314,,,,,https://www.google.fr/maps/place/Praia+Brava/data=!4m7!3m6!1s0x9527428e09174099:0x2c0a84cb50990e94!8m2!3d-27.4015299!4d-48.4130314!16s%2Fg%2F120qklms!19sChIJmUAXCY5CJ5URlA6ZUMuECiw?authuser=0&hl=en&rclk=1
Huntington Beach State Park,,,,,,33.5145618,-79.0609293,,,,,https://www.google.fr/maps/place/Huntington+Beach+State+Park/data=!4m7!3m6!1s0x8900384a8d7c9123:0xcbbe8dc9020190f5!8m2!3d33.5145618!4d-79.0609293!16zL20vMDU0bTg4!19sChIJI5F8jUo4AIkR9ZABAsmNvss?authuser=0&hl=en&rclk=1
St Pete Beach,,,,,,27.7428134,-82.7504542,,,,,https://www.google.fr/maps/place/St+Pete+Beach/data=!4m7!3m6!1s0x88c3029f9de5dea9:0x98aafcc9726f8c6a!8m2!3d27.7428134!4d-82.7504542!16zL20vMHJyNXg!19sChIJqd7lnZ8Cw4gRaoxvcsn8qpg?authuser=0&hl=en&rclk=1
Beach,,,,,,46.9180689,-104.0043728,,,,,https://www.google.fr/maps/place/Beach/data=!4m7!3m6!1s0x5325c95bed94449f:0xc871f021601d702c!8m2!3d46.9180689!4d-104.0043728!16zL20vMHlwMGI!19sChIJn0SU7VvJJVMRLHAdYCHwccg?authuser=0&hl=en&rclk=1
The Big One,,,,,,53.7892671,-3.0554511,,,,,https://www.google.fr/maps/place/The+Big+One/data=!4m7!3m6!1s0x487b441c967e8df1:0x684d1b50574d5445!8m2!3d53.7892671!4d-3.0554511!16zL20vMDVzeHl5!19sChIJ8Y1-lhxEe0gRRVRNV1AbTWg?authuser=0&hl=en&rclk=1
Palm Beach,,,,,,12.5690606,-70.0413821,,,,,https://www.google.fr/maps/place/Palm+Beach/data=!4m7!3m6!1s0x8e85380e2c9585d7:0xc1325ab1d6b18d24!8m2!3d12.5690606!4d-70.0413821!16s%2Fm%2F026620f!19sChIJ14WVLA44hY4RJI2x1rFaMsE?authuser=0&hl=en&rclk=1
The Beaches,,,,,,49.575346,-56.8281241,,,,,https://www.google.fr/maps/place/The+Beaches/data=!4m7!3m6!1s0x4b79a15072cc12cb:0xaedc4e45e204ca32!8m2!3d49.575346!4d-56.8281241!16zL20vMGRtaGY3!19sChIJyxLMclCheUsRMsoE4kVO3K4?authuser=0&hl=en&rclk=1
Cua Tung Beach,,,,,,17.0228273,107.1104295,,,,,https://www.google.fr/maps/place/Cua+Tung+Beach/data=!4m7!3m6!1s0x3140dca833be6427:0x726435c57653ee6c!8m2!3d17.0228273!4d107.1104295!16s%2Fg%2F120mnnpt!19sChIJJ2S-M6jcQDERbO5TdsU1ZHI?authuser=0&hl=en&rclk=1
Beach,,,,,,48.7159399,-122.6837908,,,,,https://www.google.fr/maps/place/Beach/data=!4m7!3m6!1s0x5485998e19eaf877:0x4a7c546ca4ba09fa!8m2!3d48.7159399!4d-122.6837908!16s%2Fg%2F11c47_65hm!19sChIJd_jqGY6ZhVQR-gm6pGxUfEo?authuser=0&hl=en&rclk=1
Praia de Iracema,,,,,,-3.7190976,-38.5122545,,,,,https://www.google.fr/maps/place/Praia+de+Iracema/data=!4m7!3m6!1s0x7c74841ba67de31:0xef2de945119c588f!8m2!3d-3.7190976!4d-38.5122545!16s%2Fm%2F0g55kpy!19sChIJMd5nukFIxwcRj1icEUXpLe8?authuser=0&hl=en&rclk=1
Beach Hotel,,,,,,51.4980556,3.4969444,,,,,https://www.google.fr/maps/place/Beach+Hotel/data=!4m10!3m9!1s0x47c4bd7d89392e69:0x1784d72292076f69!5m2!4m1!1i2!8m2!3d51.4980556!4d3.4969444!16s%2Fg%2F1tfk_cp8!19sChIJaS45iX29xEcRaW8HkiLXhBc?authuser=0&hl=en&rclk=1
Ky Co Beach,,,,,,13.85014,109.2918099,,,,,https://www.google.fr/maps/place/Ky+Co+Beach/data=!4m7!3m6!1s0x316f69f3b44b2e29:0x75e9afabce0602c7!8m2!3d13.85014!4d109.2918099!16s%2Fg%2F11f15p_5jq!19sChIJKS5LtPNpbzERxwIGzquv6XU?authuser=0&hl=en&rclk=1
Horseneck Beach State Reservation Campground,,,,,,41.5019835,-71.0395383,,,,,https://www.google.fr/maps/place/Horseneck+Beach+State+Reservation+Campground/data=!4m7!3m6!1s0x89e5048501c4798b:0x21a4400ef6196417!8m2!3d41.5019835!4d-71.0395383!16s%2Fg%2F1wg5z0rl!19sChIJi3nEAYUE5YkRF2QZ9g5ApCE?authuser=0&hl=en&rclk=1
"Pismo Beach, California",,,,,,35.1575391,-120.6684707,,,,,"https://www.google.fr/maps/place/Pismo+Beach,+California/data=!4m7!3m6!1s0x80ec587d3b5577f5:0x774492c37beaa54e!8m2!3d35.1575391!4d-120.6684707!16s%2Fg%2F1td2bn78!19sChIJ9XdVO31Y7IARTqXqe8OSRHc?authuser=0&hl=en&rclk=1"
Asbury Park Dog Beach,,,,,,40.2302825,-73.9965295,,,,,https://www.google.fr/maps/place/Asbury+Park+Dog+Beach/data=!4m7!3m6!1s0x89c227283909b1c3:0x507ceeec689557e3!8m2!3d40.2302825!4d-73.9965295!16s%2Fg%2F11rty25tf1!19sChIJw7EJOSgnwokR41eVaOzufFA?authuser=0&hl=en&rclk=1
Joia Beach,,,,,,25.787374,-80.1771484,,,,,https://www.google.fr/maps/place/Joia+Beach/data=!4m7!3m6!1s0x88d9b5c930bcf0f5:0xd00dc500867bec1b!8m2!3d25.787374!4d-80.1771484!16s%2Fg%2F11j4cljq9p!19sChIJ9fC8MMm12YgRG-x7hgDFDdA?authuser=0&hl=en&rclk=1
Gerritsen Beach,,,,,,40.5870033,-73.9227554,,,,,https://www.google.fr/maps/place/Gerritsen+Beach/data=!4m7!3m6!1s0x89c24378581a0381:0xdecf069717d8c705!8m2!3d40.5870033!4d-73.9227554!16zL20vMDNxZndw!19sChIJgQMaWHhDwokRBcfYF5cGz94?authuser=0&hl=en&rclk=1
Beaches Turks & Caicos,,,,,,21.787594,-72.196978,,,,,https://www.google.fr/maps/place/Beaches+Turks+%26+Caicos/data=!4m7!3m6!1s0x894b4f059391f265:0xd7789d52fabfc5c1!8m2!3d21.787594!4d-72.196978!16s%2Fg%2F1tftxtpb!19sChIJZfKRkwVPS4kRwcW_-lKdeNc?authuser=0&hl=en&rclk=1
The Boca Raton Beach Club,,,,,,26.3378599,-80.0714162,,,,,https://www.google.fr/maps/place/The+Boca+Raton+Beach+Club/data=!4m7!3m6!1s0x88d8e23c3fde76b9:0x1552e447785b7378!8m2!3d26.3378599!4d-80.0714162!16s%2Fg%2F124t4560n!19sChIJuXbePzzi2IgReHNbeEfkUhU?authuser=0&hl=en&rclk=1
Haystack Rock,,,,,,45.8844844,-123.968248,,,,,https://www.google.fr/maps/place/Haystack+Rock/data=!4m7!3m6!1s0x5494a4e035d8201b:0x8d6303935747e922!8m2!3d45.8844844!4d-123.968248!16zL20vMDRyNDRi!19sChIJGyDYNeCklFQRIulHV5MDY40?authuser=0&hl=en&rclk=1
Myrtle Beach State Park Office,,,,,,33.6522575,-78.9300611,,,,,https://www.google.fr/maps/place/Myrtle+Beach+State+Park+Office/data=!4m7!3m6!1s0x890041ff757e53bb:0x4a71951d271571e1!8m2!3d33.6522575!4d-78.9300611!16s%2Fg%2F1thw2_r3!19sChIJu1N-df9BAIkR4XEVJx2VcUo?authuser=0&hl=en&rclk=1
Peahi,,,,,,20.9422978,-156.2969176,,,,,https://www.google.fr/maps/place/Peahi/data=!4m7!3m6!1s0x7eab359606c83b75:0xa4918e31cb70a12a!8m2!3d20.9422978!4d-156.2969176!16zL20vMGQ4cTU4!19sChIJdTvIBpY1q34RKqFwyzGOkaQ?authuser=0&hl=en&rclk=1
Jumeirah Beach Hotel,,,,,,25.1415843,55.1912777,,,,,https://www.google.fr/maps/place/Jumeirah+Beach+Hotel/data=!4m7!3m6!1s0x3e5f6a540d69b295:0x47f78c4e394a2976!8m2!3d25.1415843!4d55.1912777!16s%2Fm%2F027tlcs!19sChIJlbJpDVRqXz4RdilKOU6M90c?authuser=0&hl=en&rclk=1
Manhattan Beach,,,,,,33.8847361,-118.4109089,,,,,https://www.google.fr/maps/place/Manhattan+Beach/data=!4m7!3m6!1s0x80c2b3c5e2b0632f:0x70351d4f4154520!8m2!3d33.8847361!4d-118.4109089!16zL20vMHIwbW4!19sChIJL2Ow4sWzwoARIEUV9NRRAwc?authuser=0&hl=en&rclk=1
The Palm Beaches,,,,,,26.677626,-80.0742042,,,,,https://www.google.fr/maps/place/The+Palm+Beaches/data=!4m7!3m6!1s0x88d8d7b671782807:0x49ffcd9ce24c77f0!8m2!3d26.677626!4d-80.0742042!16s%2Fg%2F1tgdd993!19sChIJByh4cbbX2IgR8HdM4pzN_0k?authuser=0&hl=en&rclk=1
Pismo Beach,,,,,,35.1427533,-120.6412827,,,,,https://www.google.fr/maps/place/Pismo+Beach/data=!4m7!3m6!1s0x80ec587dc3f7d8cf:0xb9cb5298f0426fa5!8m2!3d35.1427533!4d-120.6412827!16zL20vMHI1bGw!19sChIJz9j3w31Y7IARpW9C8JhSy7k?authuser=0&hl=en&rclk=1
Ushuaia Ibiza Beach Hotel,,,,,,38.8843373,1.4050236,,,,,https://www.google.fr/maps/place/Ushuaia+Ibiza+Beach+Hotel/data=!4m7!3m6!1s0x129945c963b16a93:0x5970f5b6f2e47428!8m2!3d38.8843373!4d1.4050236!16s%2Fm%2F0120y9b7!19sChIJk2qxY8lFmRIRKHTk8rb1cFk?authuser=0&hl=en&rclk=1
Seal Beach,,,,,,33.7414085,-118.1047682,,,,,https://www.google.fr/maps/place/Seal+Beach/data=!4m7!3m6!1s0x80dcded838766331:0x3dfc70ec6e279415!8m2!3d33.7414085!4d-118.1047682!16zL20vMHIycDg!19sChIJMWN2ONje3IARFZQnbuxw_D0?authuser=0&hl=en&rclk=1
The Beach Club Resort & Spa,,,,,,30.2364009,-87.8771266,,,,,https://www.google.fr/maps/place/The+Beach+Club+Resort+%26+Spa/data=!4m7!3m6!1s0x889a2221ac58a2bf:0xc3c7059ca1591ae8!8m2!3d30.2364009!4d-87.8771266!16s%2Fg%2F1tdyx44j!19sChIJv6JYrCEimogR6BpZoZwFx8M?authuser=0&hl=en&rclk=1
Willard Beach Parking,,,,,,43.6407887,-70.2280506,,,,,https://www.google.fr/maps/place/Willard+Beach+Parking/data=!4m7!3m6!1s0x4cb29dd0e52cf4f3:0x2de81a7dde42513d!8m2!3d43.6407887!4d-70.2280506!16s%2Fg%2F11bw2_b5yz!19sChIJ8_Qs5dCdskwRPVFC3n0a6C0?authuser=0&hl=en&rclk=1
Panama City Beach,,,,,,30.2294523,-85.8884234,,,,,https://www.google.fr/maps/place/Panama+City+Beach/data=!4m7!3m6!1s0x88938c55a6cad051:0x99aa48e479186c41!8m2!3d30.2294523!4d-85.8884234!16s%2Fg%2F1tdw47r5!19sChIJUdDKplWMk4gRQWwYeeRIqpk?authuser=0&hl=en&rclk=1
The Avalon @ The Beach Club,,,,,,30.2303218,-87.8738784,,,,,https://www.google.fr/maps/place/The+Avalon+@+The+Beach+Club/data=!4m7!3m6!1s0x889a21f4c466f871:0xee0d3fb86b927ed!8m2!3d30.2303218!4d-87.8738784!16s%2Fg%2F11bbrhz_44!19sChIJcfhmxPQhmogR7Se5hvvT4A4?authuser=0&hl=en&rclk=1
Long Beach,,,,,,40.5884373,-73.657908,,,,,https://www.google.fr/maps/place/Long+Beach/data=!4m7!3m6!1s0x89c26ff6430184c9:0xd3936da1e33b9063!8m2!3d40.5884373!4d-73.657908!16zL20vMHkycWw!19sChIJyYQBQ_ZvwokRY5A746Ftk9M?authuser=0&hl=en&rclk=1
Santa Monica Pier,,,,,,34.0082821,-118.4987585,,,,,https://www.google.fr/maps/place/Santa+Monica+Pier/data=!4m7!3m6!1s0x80c2a4d74d5ea79b:0xcd9a111aced18f4d!8m2!3d34.0082821!4d-118.4987585!16zL20vMDRmZ21y!19sChIJm6deTdekwoARTY_RzhoRms0?authuser=0&hl=en&rclk=1
